timestamp,name,symbol,price
1733808613,Ethereum,ETH,3692.0391133726155679
1733808613,Dogecoin,DOGE,0.4035067669843688
1733808613,TRON,TRX,0.2576115758107078
1733808645,Bitcoin,BTC,96722.4001793358826175
1733808645,Ethereum,ETH,3692.5664122359646055
1733808645,Dogecoin,DOGE,0.4037418121823523
1733808645,TRON,TRX,0.2577204465682490
1733808645,Polkadot,DOT,8.4697614095071891
1733808645,Stellar,XLM,0.4047664089175860
1733808645,EOS,EOS,1.0322848784489328
1733808737,Bitcoin,BTC,96725.3586955121511601
1733808737,Ethereum,ETH,3692.8182298570725933
1733808737,Dogecoin,DOGE,0.4039045961300321
1733808737,TRON,TRX,0.2581477424088437
1733808737,Polkadot,DOT,8.4669115151535826
1733808737,Stellar,XLM,0.4043510005863095
1733808737,EOS,EOS,1.0318329466762763
1733808768,Bitcoin,BTC,96759.3534959151708733
1733808768,Ethereum,ETH,3694.8733805364885769
1733808768,Dogecoin,DOGE,0.4039746878536102
1733808768,TRON,TRX,0.2587661697845850
1733808768,Polkadot,DOT,8.4716146319868103
1733808768,Stellar,XLM,0.4050569811319402
1733808768,EOS,EOS,1.0343085773288786
1733808830,Bitcoin,BTC,96762.6353950095394500
1733808830,Ethereum,ETH,3695.3211168932190161
1733808830,Dogecoin,DOGE,0.4047342661787723
1733808830,TRON,TRX,0.2588125019778467
1733808830,Polkadot,DOT,8.4867366085138449
1733808830,Stellar,XLM,0.4056116072259364
1733808830,EOS,EOS,1.0345548239986007
1733808891,Bitcoin,BTC,96803.8529701453374123
1733808891,Ethereum,ETH,3698.1394761851019332
1733808891,Dogecoin,DOGE,0.4049529213958845
1733808891,TRON,TRX,0.2592210480425206
1733808891,Polkadot,DOT,8.4938486290851718
1733808891,Stellar,XLM,0.4061906957156244
1733808891,EOS,EOS,1.0366391918441085
1733808952,Bitcoin,BTC,96801.6509688101063685
1733808952,Ethereum,ETH,3697.5849536122205644
1733808952,Dogecoin,DOGE,0.4048321912052957
1733808952,TRON,TRX,0.2592014510386407
1733808952,Polkadot,DOT,8.4932038145753278
1733808952,Stellar,XLM,0.4062071632783232
1733808952,EOS,EOS,1.0370688991980765
1733809014,Bitcoin,BTC,96818.3019948756910738
1733809014,Ethereum,ETH,3699.9053896790893705
1733809014,Dogecoin,DOGE,0.4054993817439653
1733809014,TRON,TRX,0.2594981444867878
1733809014,Polkadot,DOT,8.5008595756144141
1733809014,Stellar,XLM,0.4068556418225853
1733809014,EOS,EOS,1.0386853734884468
1733809044,Bitcoin,BTC,96827.8982051959467549
1733809044,Ethereum,ETH,3699.2703453137499213
1733809044,Dogecoin,DOGE,0.4057442381302209
1733809044,TRON,TRX,0.2595366223097003
1733809044,Polkadot,DOT,8.4977512174452432
1733809044,Stellar,XLM,0.4067889907717008
1733809044,EOS,EOS,1.0383809262133568
1733809075,Bitcoin,BTC,96829.4534702861685499
1733809075,Ethereum,ETH,3699.3250845708933601
1733809075,Dogecoin,DOGE,0.4057632121453937
1733809075,TRON,TRX,0.2595248386019959
1733809075,Polkadot,DOT,8.4992047530312460
1733809075,Stellar,XLM,0.4068127983541831
1733809075,EOS,EOS,1.0382400422687838
1733809137,Bitcoin,BTC,96842.9589809747324206
1733809137,Ethereum,ETH,3699.1596414343588444
1733809137,Dogecoin,DOGE,0.4057471994721213
1733809137,TRON,TRX,0.2593642852126488
1733809137,Polkadot,DOT,8.5025822074324593
1733809137,Stellar,XLM,0.4068174387769088
1733809137,EOS,EOS,1.0382795581886332
1733809168,Bitcoin,BTC,96869.3587958235607752
1733809168,Ethereum,ETH,3699.8506202217744899
1733809168,Dogecoin,DOGE,0.4061667212784363
1733809168,TRON,TRX,0.2595463200931707
1733809168,Polkadot,DOT,8.5087372135456349
1733809168,Stellar,XLM,0.4069700549343857
1733809168,EOS,EOS,1.0390078842054745
1733809292,Bitcoin,BTC,96910.3165493184674107
1733809292,Ethereum,ETH,3698.1606674895842045
1733809292,Dogecoin,DOGE,0.4052010951162942
1733809292,TRON,TRX,0.2593946470052927
1733809292,Polkadot,DOT,8.5103300426245637
1733809292,Stellar,XLM,0.4067866626249450
1733809292,EOS,EOS,1.0373884193127387
1733809354,Bitcoin,BTC,96900.6638021370391701
1733809354,Ethereum,ETH,3696.8001631480811215
1733809354,Dogecoin,DOGE,0.4045683338230092
1733809354,TRON,TRX,0.2590312085324450
1733809354,Polkadot,DOT,8.4955399930252070
1733809354,Stellar,XLM,0.4060851438687883
1733809354,EOS,EOS,1.0363844712752438
1733809477,Bitcoin,BTC,96849.4391875068995770
1733809477,Ethereum,ETH,3693.3190507427652522
1733809477,Dogecoin,DOGE,0.4041686680398224
1733809477,TRON,TRX,0.2588290260669134
1733809477,Polkadot,DOT,8.4960917704274112
1733809477,Stellar,XLM,0.4058818056497669
1733809477,EOS,EOS,1.0359537310281424
1733809539,Bitcoin,BTC,96860.7287809102245981
1733809539,Ethereum,ETH,3693.5109713946893806
1733809539,Dogecoin,DOGE,0.4041251778287213
1733809539,TRON,TRX,0.2587616997234829
1733809539,Polkadot,DOT,8.4936483701885245
1733809539,Stellar,XLM,0.4058170095324418
1733809539,EOS,EOS,1.0361692017062486
1733809569,Bitcoin,BTC,96852.9382197272077398
1733809569,Ethereum,ETH,3690.9127724627399717
1733809569,Dogecoin,DOGE,0.4034855339251236
1733809569,TRON,TRX,0.2583949501453362
1733809569,Polkadot,DOT,8.4924976176130583
1733809569,Stellar,XLM,0.4053451045239740
1733809569,EOS,EOS,1.0344826429553306
1733809661,Bitcoin,BTC,96841.0236676815797074
1733809661,Ethereum,ETH,3690.5451893751452339
1733809661,Dogecoin,DOGE,0.4039560108003460
1733809661,TRON,TRX,0.2586712888392204
1733809661,Polkadot,DOT,8.4813079235994148
1733809661,Stellar,XLM,0.4053751115608131
1733809661,EOS,EOS,1.0352956061633322
1733809722,Bitcoin,BTC,96829.0010427485266406
1733809722,Ethereum,ETH,3690.5995819777647047
1733809722,Dogecoin,DOGE,0.4039987574779040
1733809722,TRON,TRX,0.2589006320435952
1733809722,Polkadot,DOT,8.4868164086311514
1733809722,Stellar,XLM,0.4050914936830035
1733809722,EOS,EOS,1.0352807645199998
1733809753,Bitcoin,BTC,96849.5787029028913205
1733809753,Ethereum,ETH,3691.4729219864397082
1733809753,Dogecoin,DOGE,0.4046671183214343
1733809753,TRON,TRX,0.2591142151852245
1733809753,Polkadot,DOT,8.5007807198265050
1733809753,Stellar,XLM,0.4054842389902195
1733809753,EOS,EOS,1.0363973484794147
1733809783,Bitcoin,BTC,96841.9758911508222195
1733809783,Ethereum,ETH,3691.2458188425284381
1733809783,Dogecoin,DOGE,0.4046636685529049
1733809783,TRON,TRX,0.2591238402760464
1733809783,Polkadot,DOT,8.5038495048607073
1733809783,Stellar,XLM,0.4054832502894335
1733809783,EOS,EOS,1.0365976875295336
1733809906,Bitcoin,BTC,96915.0161191663655256
1733809906,Ethereum,ETH,3697.3895534769599922
1733809906,Dogecoin,DOGE,0.4056667291039194
1733809906,TRON,TRX,0.2596875062124790
1733809906,Polkadot,DOT,8.5249095817893565
1733809906,Stellar,XLM,0.4061379240608917
1733809906,EOS,EOS,1.0392975408644777
1733809998,Bitcoin,BTC,96911.8407905131582521
1733809998,Ethereum,ETH,3698.3989648842549919
1733809998,Dogecoin,DOGE,0.4056843614455411
1733809998,TRON,TRX,0.2596529836331404
1733809998,Polkadot,DOT,8.5290024325451937
1733809998,Stellar,XLM,0.4063595163068910
1733809998,EOS,EOS,1.0396038523220885
1733810029,Bitcoin,BTC,96918.5785758838502177
1733810029,Ethereum,ETH,3698.1991215803766101
1733810029,Dogecoin,DOGE,0.4058240184239676
1733810029,TRON,TRX,0.2597268294006718
1733810029,Polkadot,DOT,8.5307261849564137
1733810029,Stellar,XLM,0.4064365361221968
1733810029,EOS,EOS,1.0398406637300691
1733810274,Bitcoin,BTC,97020.1391440916052776
1733810274,Ethereum,ETH,3703.6661430598061090
1733810274,Dogecoin,DOGE,0.4061885035314272
1733810274,TRON,TRX,0.2597159834137867
1733810274,Polkadot,DOT,8.5525601632872775
1733810274,Stellar,XLM,0.4068684867034390
1733810274,EOS,EOS,1.0417537447734289
1733810336,Bitcoin,BTC,97020.6607870929624575
1733810336,Ethereum,ETH,3704.4087583736166070
1733810336,Dogecoin,DOGE,0.4065266868558734
1733810336,TRON,TRX,0.2598313884179599
1733810336,Polkadot,DOT,8.5556212416162334
1733810336,Stellar,XLM,0.4071613801507781
1733810336,EOS,EOS,1.0417726866758202
1733810428,Bitcoin,BTC,97022.1054902122044468
1733810428,Ethereum,ETH,3705.0903412159565410
1733810428,Dogecoin,DOGE,0.4063276944498151
1733810428,TRON,TRX,0.2600328335502305
1733810428,Polkadot,DOT,8.5604028724734131
1733810428,Stellar,XLM,0.4074384377366031
1733810428,EOS,EOS,1.0420333762763943
1733810581,Bitcoin,BTC,97022.1911416778614901
1733810581,Ethereum,ETH,3704.6161381047003127
1733810581,Dogecoin,DOGE,0.4063055152532128
1733810581,TRON,TRX,0.2598078890640133
1733810581,Polkadot,DOT,8.5541127080054885
1733810581,Stellar,XLM,0.4070198287893909
1733810581,EOS,EOS,1.0417646795478241
1733810643,Bitcoin,BTC,96995.0065469775130285
1733810643,Ethereum,ETH,3702.8040905912538312
1733810643,Dogecoin,DOGE,0.4055989083504920
1733810643,TRON,TRX,0.2595689586841048
1733810643,Polkadot,DOT,8.5368857699033463
1733810643,Stellar,XLM,0.4062702377441667
1733810643,EOS,EOS,1.0409588415169670
1733810796,Bitcoin,BTC,96981.2829377180605652
1733810796,Ethereum,ETH,3701.1812803826643477
1733810796,Dogecoin,DOGE,0.4058422920900150
1733810796,TRON,TRX,0.2597446530106334
1733810796,Polkadot,DOT,8.5295515397881094
1733810796,Stellar,XLM,0.4060689863093719
1733810796,EOS,EOS,1.0406210368457546
1733810827,Bitcoin,BTC,96981.2829377180605652
1733810827,Ethereum,ETH,3701.1812803826643477
1733810827,Dogecoin,DOGE,0.4058422920900150
1733810827,TRON,TRX,0.2597446530106334
1733810827,Polkadot,DOT,8.5295515397881094
1733810827,Stellar,XLM,0.4060689863093719
1733810827,EOS,EOS,1.0406210368457546
1733810858,Bitcoin,BTC,97024.1303852493646596
1733810858,Ethereum,ETH,3704.6542789440267750
1733810858,Dogecoin,DOGE,0.4067836177847890
1733810858,TRON,TRX,0.2601606932134398
1733810858,Polkadot,DOT,8.5485428345279222
1733810858,Stellar,XLM,0.4067271900777466
1733810858,EOS,EOS,1.0426432309581010
1733811011,Bitcoin,BTC,97037.4018244947924143
1733811011,Ethereum,ETH,3708.2814207703209033
1733811011,Dogecoin,DOGE,0.4073221729530789
1733811011,TRON,TRX,0.2605402233361985
1733811011,Polkadot,DOT,8.5531589874575008
1733811011,Stellar,XLM,0.4069410572337934
1733811011,EOS,EOS,1.0431705692817460
1733811104,Bitcoin,BTC,97154.6273679140173495
1733811104,Ethereum,ETH,3716.4347183081815509
1733811104,Dogecoin,DOGE,0.4087303960609557
1733811104,TRON,TRX,0.2614770635261533
1733811104,Polkadot,DOT,8.5785352116030825
1733811104,Stellar,XLM,0.4088765904620990
1733811104,EOS,EOS,1.0477558538038127
1733811226,Bitcoin,BTC,97154.2295851601901976
1733811226,Ethereum,ETH,3716.9205248741576728
1733811226,Dogecoin,DOGE,0.4093094856793163
1733811226,TRON,TRX,0.2615620960446502
1733811226,Polkadot,DOT,8.5827994583912023
1733811226,Stellar,XLM,0.4093013875259898
1733811226,EOS,EOS,1.0482914066821828
1733811318,Bitcoin,BTC,97140.4890516474877338
1733811318,Ethereum,ETH,3717.5623107022863973
1733811318,Dogecoin,DOGE,0.4092986362336612
1733811318,TRON,TRX,0.2617076142587988
1733811318,Polkadot,DOT,8.5838434553733396
1733811318,Stellar,XLM,0.4093462537590342
1733811318,EOS,EOS,1.0495565622852737
1733811348,Bitcoin,BTC,97143.4184066600539812
1733811348,Ethereum,ETH,3718.3391528127238758
1733811348,Dogecoin,DOGE,0.4093295670058636
1733811348,TRON,TRX,0.2616918809464336
1733811348,Polkadot,DOT,8.5831327733211438
1733811348,Stellar,XLM,0.4093471073600655
1733811348,EOS,EOS,1.0495352270873685
1733811409,Bitcoin,BTC,97140.8856486166648292
1733811409,Ethereum,ETH,3719.4246448690714514
1733811409,Dogecoin,DOGE,0.4090547674726893
1733811409,TRON,TRX,0.2618368540418731
1733811409,Polkadot,DOT,8.5850314390596046
1733811409,Stellar,XLM,0.4094533109728792
1733811409,EOS,EOS,1.0496069864869245
1733811471,Bitcoin,BTC,97117.8019518409291037
1733811471,Ethereum,ETH,3718.6237905417153627
1733811471,Dogecoin,DOGE,0.4090453896859782
1733811471,TRON,TRX,0.2618175535649788
1733811471,Polkadot,DOT,8.5869617479104611
1733811471,Stellar,XLM,0.4094881284225803
1733811471,EOS,EOS,1.0492033078312509
1733811532,Bitcoin,BTC,97105.0503618829808608
1733811532,Ethereum,ETH,3717.4759389302008038
1733811532,Dogecoin,DOGE,0.4089549597945666
1733811532,TRON,TRX,0.2616866780380399
1733811532,Polkadot,DOT,8.5823033666831700
1733811532,Stellar,XLM,0.4090566472438690
1733811532,EOS,EOS,1.0485615774248773
1733811747,Bitcoin,BTC,97134.4392178171021683
1733811747,Ethereum,ETH,3719.6987130450585643
1733811747,Dogecoin,DOGE,0.4093891364637681
1733811747,TRON,TRX,0.2622666144713873
1733811747,Polkadot,DOT,8.5893529886407714
1733811747,Stellar,XLM,0.4092321187746047
1733811747,EOS,EOS,1.0484531559593182
1733811839,Bitcoin,BTC,97107.2018461441996327
1733811839,Ethereum,ETH,3720.0314632501583727
1733811839,Dogecoin,DOGE,0.4084438280444185
1733811839,TRON,TRX,0.2614567792433179
1733811839,Polkadot,DOT,8.5789472184130811
1733811839,Stellar,XLM,0.4082813456113811
1733811839,EOS,EOS,1.0467224851661508
1733811870,Bitcoin,BTC,97100.9087497858620652
1733811870,Ethereum,ETH,3719.8725519450797819
1733811870,Dogecoin,DOGE,0.4084274781738320
1733811870,TRON,TRX,0.2614551265837662
1733811870,Polkadot,DOT,8.5702468527894721
1733811870,Stellar,XLM,0.4082852059280934
1733811870,EOS,EOS,1.0467473697981339
1733811962,Bitcoin,BTC,97095.8153560798322251
1733811962,Ethereum,ETH,3723.5881778714252908
1733811962,Dogecoin,DOGE,0.4087620872863502
1733811962,TRON,TRX,0.2618715668851717
1733811962,Polkadot,DOT,8.5765121077837152
1733811962,Stellar,XLM,0.4090151311630013
1733811962,EOS,EOS,1.0475008585430489
1733811993,Bitcoin,BTC,97094.1520184276189867
1733811993,Ethereum,ETH,3723.5089838324133852
1733811993,Dogecoin,DOGE,0.4087515185781892
1733811993,TRON,TRX,0.2618747901347789
1733811993,Polkadot,DOT,8.5768384626335672
1733811993,Stellar,XLM,0.4090531695657799
1733811993,EOS,EOS,1.0474877330810787
1733812268,Bitcoin,BTC,97215.0023876809010745
1733812268,Ethereum,ETH,3730.0463734331763040
1733812268,Dogecoin,DOGE,0.4103654032074428
1733812268,TRON,TRX,0.2626018465876741
1733812268,Polkadot,DOT,8.6160798852581523
1733812268,Stellar,XLM,0.4104843661343267
1733812268,EOS,EOS,1.0534724324741397
1733812361,Bitcoin,BTC,97246.4371523781560715
1733812361,Ethereum,ETH,3731.5294305511714948
1733812361,Dogecoin,DOGE,0.4102866613581077
1733812361,TRON,TRX,0.2628214765975927
1733812361,Polkadot,DOT,8.6206940731192217
1733812361,Stellar,XLM,0.4107330491345099
1733812361,EOS,EOS,1.0543532484197444
1733812422,Bitcoin,BTC,97258.0139332994241198
1733812422,Ethereum,ETH,3731.2778373270858102
1733812422,Dogecoin,DOGE,0.4106629740195583
1733812422,TRON,TRX,0.2628052703840280
1733812422,Polkadot,DOT,8.6275787452370466
1733812422,Stellar,XLM,0.4111066663920492
1733812422,EOS,EOS,1.0545132724935601
1733812545,Bitcoin,BTC,97285.4594258936504696
1733812545,Ethereum,ETH,3732.2396574596336800
1733812545,Dogecoin,DOGE,0.4115174899948441
1733812545,TRON,TRX,0.2630837750952040
1733812545,Polkadot,DOT,8.6363679770658746
1733812545,Stellar,XLM,0.4116259972690373
1733812545,EOS,EOS,1.0570068088776060
1733812576,Bitcoin,BTC,97291.0407416216278568
1733812576,Ethereum,ETH,3735.1108143276802301
1733812576,Dogecoin,DOGE,0.4118237694937794
1733812576,TRON,TRX,0.2631040169069357
1733812576,Polkadot,DOT,8.6416650045740477
1733812576,Stellar,XLM,0.4121347655994996
1733812576,EOS,EOS,1.0584941205785415
1733812883,Bitcoin,BTC,97265.8851179276005402
1733812883,Ethereum,ETH,3735.7230016880849513
1733812883,Dogecoin,DOGE,0.4118197819576476
1733812883,TRON,TRX,0.2628249085141986
1733812883,Polkadot,DOT,8.6299760199994335
1733812883,Stellar,XLM,0.4122583689267731
1733812883,EOS,EOS,1.0584068492699923
1733812975,Bitcoin,BTC,97272.3679080280468737
1733812975,Ethereum,ETH,3735.9658828410336064
1733812975,Dogecoin,DOGE,0.4120006237243430
1733812975,TRON,TRX,0.2629202261248926
1733812975,Polkadot,DOT,8.6269950449234879
1733812975,Stellar,XLM,0.4119210134488174
1733812975,EOS,EOS,1.0575255591233742
1733813067,Bitcoin,BTC,97267.2142032131473492
1733813067,Ethereum,ETH,3734.9139419131452417
1733813067,Dogecoin,DOGE,0.4115022955758752
1733813067,TRON,TRX,0.2630339742899438
1733813067,Polkadot,DOT,8.6206872505157220
1733813067,Stellar,XLM,0.4114899691103057
1733813067,EOS,EOS,1.0569220188572719
1733813282,Bitcoin,BTC,97275.4596447152319210
1733813282,Ethereum,ETH,3733.1581716616093589
1733813282,Dogecoin,DOGE,0.4111042055261916
1733813282,TRON,TRX,0.2629532362053006
1733813282,Polkadot,DOT,8.6175906536213589
1733813282,Stellar,XLM,0.4114110434049974
1733813282,EOS,EOS,1.0576299810807672
1733813405,Bitcoin,BTC,97302.9655755714159563
1733813405,Ethereum,ETH,3734.3673578167055208
1733813405,Dogecoin,DOGE,0.4112713713981343
1733813405,TRON,TRX,0.2629043044377975
1733813405,Polkadot,DOT,8.6066071976236433
1733813405,Stellar,XLM,0.4110269611576481
1733813405,EOS,EOS,1.0570627237768722
1733808613,Polkadot,DOT,8.4610379515000150
1733808613,EOS,EOS,1.0321511975471203
1733808676,Bitcoin,BTC,96718.3939258887433316
1733808676,Ethereum,ETH,3692.4095698585676501
1733808676,Dogecoin,DOGE,0.4037256621849010
1733808676,TRON,TRX,0.2578785588072747
1733808676,Polkadot,DOT,8.4688306748697718
1733808676,Stellar,XLM,0.4043128809576833
1733808676,EOS,EOS,1.0314329976972104
1733808799,Bitcoin,BTC,96762.5064584012627669
1733808799,Ethereum,ETH,3694.9616120144540975
1733808799,Dogecoin,DOGE,0.4046784237281401
1733808799,TRON,TRX,0.2587227759524860
1733808799,Polkadot,DOT,8.4835501441308230
1733808799,Stellar,XLM,0.4051228131669842
1733808799,EOS,EOS,1.0342383825749611
1733808860,Bitcoin,BTC,96805.7202627639165366
1733808860,Ethereum,ETH,3698.3931531619650214
1733808860,Dogecoin,DOGE,0.4049130353549881
1733808860,TRON,TRX,0.2589041595969807
1733808860,Polkadot,DOT,8.4954527666928297
1733808860,Stellar,XLM,0.4062450651144224
1733808860,EOS,EOS,1.0365949796904289
1733809106,Bitcoin,BTC,96830.3765707585454192
1733809106,Ethereum,ETH,3698.9481188124607958
1733809106,Dogecoin,DOGE,0.4057517547501376
1733809106,TRON,TRX,0.2593572211548905
1733809106,Polkadot,DOT,8.5009726564674177
1733809106,Stellar,XLM,0.4068162684227573
1733809106,EOS,EOS,1.0380852131620479
1733809198,Bitcoin,BTC,96885.0634721437408965
1733809198,Ethereum,ETH,3700.6072532457518564
1733809198,Dogecoin,DOGE,0.4061541576613463
1733809198,TRON,TRX,0.2595527844070745
1733809198,Polkadot,DOT,8.5114124419477164
1733809198,Stellar,XLM,0.4069632137709081
1733809198,EOS,EOS,1.0389817910169836
1733809262,Bitcoin,BTC,96910.4170284085810122
1733809262,Ethereum,ETH,3700.0417737816898837
1733809262,Dogecoin,DOGE,0.4057510233636414
1733809262,TRON,TRX,0.2597055246237554
1733809262,Polkadot,DOT,8.5209909659069915
1733809262,Stellar,XLM,0.4069151565091495
1733809262,EOS,EOS,1.0387044453330167
1733809323,Bitcoin,BTC,96913.7873124961092409
1733809323,Ethereum,ETH,3698.0246552613378488
1733809323,Dogecoin,DOGE,0.4051372483176980
1733809323,TRON,TRX,0.2593863979805709
1733809323,Polkadot,DOT,8.5104740679000465
1733809323,Stellar,XLM,0.4067215796049343
1733809323,EOS,EOS,1.0376695118774121
1733809508,Bitcoin,BTC,96858.1719492794458416
1733809508,Ethereum,ETH,3693.0149166876281856
1733809508,Dogecoin,DOGE,0.4041444235336570
1733809508,TRON,TRX,0.2587698653761979
1733809508,Polkadot,DOT,8.4951046000494121
1733809508,Stellar,XLM,0.4058207144717888
1733809508,EOS,EOS,1.0360521309920162
1733809814,Bitcoin,BTC,96903.9925503037695034
1733809814,Ethereum,ETH,3695.0348655404057710
1733809814,Dogecoin,DOGE,0.4048279009799827
1733809814,TRON,TRX,0.2592318265806888
1733809814,Polkadot,DOT,8.5043403401560963
1733809814,Stellar,XLM,0.4057154200938958
1733809814,EOS,EOS,1.0360144639493073
1733810090,Bitcoin,BTC,96933.9750571534074289
1733810090,Ethereum,ETH,3699.0788898480924185
1733810090,Dogecoin,DOGE,0.4062286596619670
1733810090,TRON,TRX,0.2597757171628784
1733810090,Polkadot,DOT,8.5475879598908916
1733810090,Stellar,XLM,0.4067563241637535
1733810090,EOS,EOS,1.0409002848146993
1733810121,Bitcoin,BTC,96954.7131990395232967
1733810121,Ethereum,ETH,3699.6362047333140279
1733810121,Dogecoin,DOGE,0.4061812224842373
1733810121,TRON,TRX,0.2597850527297249
1733810121,Polkadot,DOT,8.5518239026748775
1733810121,Stellar,XLM,0.4067581059460240
1733810121,EOS,EOS,1.0411533211221782
1733810213,Bitcoin,BTC,97035.4978760140872860
1733810213,Ethereum,ETH,3705.2938447956285809
1733810213,Dogecoin,DOGE,0.4062740464261547
1733810213,TRON,TRX,0.2598625789434831
1733810213,Polkadot,DOT,8.5571998298472197
1733810213,Stellar,XLM,0.4071818011926595
1733810213,EOS,EOS,1.0420158698923651
1733810305,Bitcoin,BTC,97020.0335662184148204
1733810305,Ethereum,ETH,3704.2108030748589045
1733810305,Dogecoin,DOGE,0.4065320895877766
1733810305,TRON,TRX,0.2598135684902542
1733810305,Polkadot,DOT,8.5561789453642245
1733810305,Stellar,XLM,0.4071074143313713
1733810305,EOS,EOS,1.0417405367977286
1733810397,Bitcoin,BTC,97022.1283947394508682
1733810397,Ethereum,ETH,3704.7027486742084096
1733810397,Dogecoin,DOGE,0.4066189129620723
1733810397,TRON,TRX,0.2598986497546544
1733810397,Polkadot,DOT,8.5625305152389117
1733810397,Stellar,XLM,0.4072750366780285
1733810397,EOS,EOS,1.0419330291336539
1733810459,Bitcoin,BTC,97025.0395749838518300
1733810459,Ethereum,ETH,3705.2398270857227399
1733810459,Dogecoin,DOGE,0.4063677980978131
1733810459,TRON,TRX,0.2600194897093401
1733810459,Polkadot,DOT,8.5599494835440188
1733810459,Stellar,XLM,0.4074309898675630
1733810459,EOS,EOS,1.0420014967393508
1733810490,Bitcoin,BTC,97035.6908181907100440
1733810490,Ethereum,ETH,3705.2542245064544140
1733810490,Dogecoin,DOGE,0.4067297467515569
1733810490,TRON,TRX,0.2600107899705430
1733810490,Polkadot,DOT,8.5646734244817257
1733810490,Stellar,XLM,0.4075645583451252
1733810490,EOS,EOS,1.0421720980401306
1733810520,Bitcoin,BTC,97040.6225037661937347
1733810520,Ethereum,ETH,3705.7775066369402554
1733810520,Dogecoin,DOGE,0.4068967054105785
1733810520,TRON,TRX,0.2600319546597870
1733810520,Polkadot,DOT,8.5667334854273319
1733810520,Stellar,XLM,0.4076371722342010
1733810520,EOS,EOS,1.0436000333329086
1733810550,Bitcoin,BTC,97043.9900749692581304
1733810550,Ethereum,ETH,3706.0398428128850977
1733810550,Dogecoin,DOGE,0.4070514811162284
1733810550,TRON,TRX,0.2600285235586779
1733810550,Polkadot,DOT,8.5699007424948086
1733810550,Stellar,XLM,0.4077091938795149
1733810550,EOS,EOS,1.0433925655031200
1733810673,Bitcoin,BTC,96996.2030963945757875
1733810673,Ethereum,ETH,3702.7525653062805561
1733810673,Dogecoin,DOGE,0.4056047349909247
1733810673,TRON,TRX,0.2595719711866030
1733810673,Polkadot,DOT,8.5366946974820349
1733810673,Stellar,XLM,0.4062783011439816
1733810673,EOS,EOS,1.0407726982230735
1733810734,Bitcoin,BTC,96979.4146709759927926
1733810734,Ethereum,ETH,3701.2854583242685196
1733810734,Dogecoin,DOGE,0.4055077159868440
1733810734,TRON,TRX,0.2594230030658729
1733810734,Polkadot,DOT,8.5294306976906596
1733810734,Stellar,XLM,0.4058639486649265
1733810734,EOS,EOS,1.0395969406932178
1733810765,Bitcoin,BTC,96979.4146709759927926
1733810765,Ethereum,ETH,3701.2854583242685196
1733810765,Dogecoin,DOGE,0.4055077159868440
1733810765,TRON,TRX,0.2594230030658729
1733810765,Polkadot,DOT,8.5294306976906596
1733810765,Stellar,XLM,0.4058639486649265
1733810765,EOS,EOS,1.0395969406932178
1733810918,Bitcoin,BTC,97012.9985913654356378
1733810918,Ethereum,ETH,3706.4604637106468029
1733810918,Dogecoin,DOGE,0.4065860668755720
1733810918,TRON,TRX,0.2600079498321707
1733810918,Polkadot,DOT,8.5409117121623557
1733810918,Stellar,XLM,0.4064067552851044
1733810918,EOS,EOS,1.0416760831957436
1733810980,Bitcoin,BTC,97025.4725751011322766
1733810980,Ethereum,ETH,3707.5998071511609465
1733810980,Dogecoin,DOGE,0.4072685838531839
1733810980,TRON,TRX,0.2603568850569492
1733810980,Polkadot,DOT,8.5510068298462785
1733810980,Stellar,XLM,0.4068821217298058
1733810980,EOS,EOS,1.0429782449453220
1733811073,Bitcoin,BTC,97102.1911358060683712
1733811073,Ethereum,ETH,3714.1501368248166189
1733811073,Dogecoin,DOGE,0.4086330598752988
1733811073,TRON,TRX,0.2612267258106398
1733811073,Polkadot,DOT,8.5693907807897024
1733811073,Stellar,XLM,0.4084653169550853
1733811073,EOS,EOS,1.0463710858315046
1733811195,Bitcoin,BTC,97156.8889063317315659
1733811195,Ethereum,ETH,3716.8843170587974260
1733811195,Dogecoin,DOGE,0.4091594774686102
1733811195,TRON,TRX,0.2615500224466734
1733811195,Polkadot,DOT,8.5871914004691396
1733811195,Stellar,XLM,0.4092973562262465
1733811195,EOS,EOS,1.0483907000054460
1733811287,Bitcoin,BTC,97138.8099650666004935
1733811287,Ethereum,ETH,3717.6400696194192168
1733811287,Dogecoin,DOGE,0.4091789494460847
1733811287,TRON,TRX,0.2616803856351109
1733811287,Polkadot,DOT,8.5843453481826461
1733811287,Stellar,XLM,0.4092397622136181
1733811287,EOS,EOS,1.0487833661528504
1733811378,Bitcoin,BTC,97137.0202693192703571
1733811378,Ethereum,ETH,3719.2229706703323066
1733811378,Dogecoin,DOGE,0.4090285853114183
1733811378,TRON,TRX,0.2618150089510492
1733811378,Polkadot,DOT,8.5847200702198196
1733811378,Stellar,XLM,0.4094305976894181
1733811378,EOS,EOS,1.0496079632416782
1733811501,Bitcoin,BTC,97109.9224579357065481
1733811501,Ethereum,ETH,3717.1529053658075284
1733811501,Dogecoin,DOGE,0.4089376295433884
1733811501,TRON,TRX,0.2617308489816281
1733811501,Polkadot,DOT,8.5819217081255112
1733811501,Stellar,XLM,0.4090763668518412
1733811501,EOS,EOS,1.0486432466441992
1733811593,Bitcoin,BTC,97106.2635022256292071
1733811593,Ethereum,ETH,3717.8814348754263884
1733811593,Dogecoin,DOGE,0.4085814118294507
1733811593,TRON,TRX,0.2616938889194820
1733811593,Polkadot,DOT,8.5752376033394471
1733811593,Stellar,XLM,0.4087377980936664
1733811593,EOS,EOS,1.0476758663250873
1733811624,Bitcoin,BTC,97095.3926918205645000
1733811624,Ethereum,ETH,3717.1729418423495268
1733811624,Dogecoin,DOGE,0.4082511863300966
1733811624,TRON,TRX,0.2614840066820819
1733811624,Polkadot,DOT,8.5721283686394992
1733811624,Stellar,XLM,0.4084585086867253
1733811624,EOS,EOS,1.0466786214892826
1733811686,Bitcoin,BTC,97114.8957181688430582
1733811686,Ethereum,ETH,3717.7125917176627418
1733811686,Dogecoin,DOGE,0.4086353903114648
1733811686,TRON,TRX,0.2617155764527251
1733811686,Polkadot,DOT,8.5770423207072785
1733811686,Stellar,XLM,0.4087241931677974
1733811686,EOS,EOS,1.0465006819547226
1733811717,Bitcoin,BTC,97121.5230795323887752
1733811717,Ethereum,ETH,3718.2045435488921943
1733811717,Dogecoin,DOGE,0.4087055910138302
1733811717,TRON,TRX,0.2617580333712546
1733811717,Polkadot,DOT,8.5786651059736999
1733811717,Stellar,XLM,0.4087538986667156
1733811717,EOS,EOS,1.0467430034463185
1733811777,Bitcoin,BTC,97114.7316054050283737
1733811777,Ethereum,ETH,3720.3752870940350702
1733811777,Dogecoin,DOGE,0.4093273004918180
1733811777,TRON,TRX,0.2622058529308639
1733811777,Polkadot,DOT,8.5875840206579244
1733811777,Stellar,XLM,0.4088486476869634
1733811777,EOS,EOS,1.0472150158043333
1733811900,Bitcoin,BTC,97096.5124958812389863
1733811900,Ethereum,ETH,3721.5223027832790517
1733811900,Dogecoin,DOGE,0.4087313297690845
1733811900,TRON,TRX,0.2617051215014595
1733811900,Polkadot,DOT,8.5712215137303118
1733811900,Stellar,XLM,0.4087269964552821
1733811900,EOS,EOS,1.0473281978342855
1733811931,Bitcoin,BTC,97092.1366999146394836
1733811931,Ethereum,ETH,3721.6455066776780121
1733811931,Dogecoin,DOGE,0.4087233341533920
1733811931,TRON,TRX,0.2616743343786682
1733811931,Polkadot,DOT,8.5763028132960139
1733811931,Stellar,XLM,0.4087574610351234
1733811931,EOS,EOS,1.0473950327405650
1733812054,Bitcoin,BTC,97127.1808859290933139
1733812054,Ethereum,ETH,3725.9824872340086215
1733812054,Dogecoin,DOGE,0.4095939283935371
1733812054,TRON,TRX,0.2621331392200720
1733812054,Polkadot,DOT,8.5916687504941100
1733812054,Stellar,XLM,0.4094808664707204
1733812054,EOS,EOS,1.0498455314116968
1733812084,Bitcoin,BTC,97143.5998083157942555
1733812084,Ethereum,ETH,3725.8932822251014580
1733812084,Dogecoin,DOGE,0.4093659960603464
1733812084,TRON,TRX,0.2620934219635719
1733812084,Polkadot,DOT,8.5937544314406570
1733812084,Stellar,XLM,0.4096617802179452
1733812084,EOS,EOS,1.0498824969885500
1733812207,Bitcoin,BTC,97199.9339793409302873
1733812207,Ethereum,ETH,3728.8214368365425562
1733812207,Dogecoin,DOGE,0.4098229462406393
1733812207,TRON,TRX,0.2622606152212530
1733812207,Polkadot,DOT,8.6048609514165926
1733812207,Stellar,XLM,0.4104538855092131
1733812207,EOS,EOS,1.0518144011164581
1733812237,Bitcoin,BTC,97198.8797598353921251
1733812237,Ethereum,ETH,3729.1852321267886875
1733812237,Dogecoin,DOGE,0.4098706226084825
1733812237,TRON,TRX,0.2624209359553450
1733812237,Polkadot,DOT,8.6132081643187573
1733812237,Stellar,XLM,0.4104235571469756
1733812237,EOS,EOS,1.0520929127744772
1733812391,Bitcoin,BTC,97240.3256759240248514
1733812391,Ethereum,ETH,3731.2186258738542496
1733812391,Dogecoin,DOGE,0.4104259306028095
1733812391,TRON,TRX,0.2628559230383355
1733812391,Polkadot,DOT,8.6191236066011299
1733812391,Stellar,XLM,0.4107712424171978
1733812391,EOS,EOS,1.0543477093402635
1733812514,Bitcoin,BTC,97286.0957781537029263
1733812514,Ethereum,ETH,3732.4704530477571428
1733812514,Dogecoin,DOGE,0.4113080292312043
1733812514,TRON,TRX,0.2631011209457450
1733812514,Polkadot,DOT,8.6362207545548937
1733812514,Stellar,XLM,0.4115521084651155
1733812514,EOS,EOS,1.0569078387253458
1733812668,Bitcoin,BTC,97291.7084021612787156
1733812668,Ethereum,ETH,3735.4128766013702304
1733812668,Dogecoin,DOGE,0.4125152375523207
1733812668,TRON,TRX,0.2629496192378524
1733812668,Polkadot,DOT,8.6400173869571651
1733812668,Stellar,XLM,0.4119681479125412
1733812668,EOS,EOS,1.0583801045579695
1733812761,Bitcoin,BTC,97293.3353954342277108
1733812761,Ethereum,ETH,3736.1183582090792329
1733812761,Dogecoin,DOGE,0.4124968371781069
1733812761,TRON,TRX,0.2630367278483555
1733812761,Polkadot,DOT,8.6463836874672291
1733812761,Stellar,XLM,0.4124052696984809
1733812761,EOS,EOS,1.0573087591888627
1733812791,Bitcoin,BTC,97280.1145582247585195
1733812791,Ethereum,ETH,3735.9326553550004502
1733812791,Dogecoin,DOGE,0.4124485627615603
1733812791,TRON,TRX,0.2630562568326926
1733812791,Polkadot,DOT,8.6477828806751997
1733812791,Stellar,XLM,0.4123716436996521
1733812791,EOS,EOS,1.0591927722735977
1733812852,Bitcoin,BTC,97257.7788683738487076
1733812852,Ethereum,ETH,3734.7122284151648522
1733812852,Dogecoin,DOGE,0.4117502893192892
1733812852,TRON,TRX,0.2627853475126905
1733812852,Polkadot,DOT,8.6284852544740313
1733812852,Stellar,XLM,0.4120202454103020
1733812852,EOS,EOS,1.0580907486123081
1733812914,Bitcoin,BTC,97288.2286713649881289
1733812914,Ethereum,ETH,3737.1886277910524621
1733812914,Dogecoin,DOGE,0.4126264425590491
1733812914,TRON,TRX,0.2629625187367786
1733812914,Polkadot,DOT,8.6367943612687010
1733812914,Stellar,XLM,0.4126202123839896
1733812914,EOS,EOS,1.0593819431475262
1733812945,Bitcoin,BTC,97286.0987274080557519
1733812945,Ethereum,ETH,3736.9353619455417100
1733812945,Dogecoin,DOGE,0.4125474555710413
1733812945,TRON,TRX,0.2629395976035006
1733812945,Polkadot,DOT,8.6355257798557911
1733812945,Stellar,XLM,0.4125802755785358
1733812945,EOS,EOS,1.0590782220511170
1733813006,Bitcoin,BTC,97275.8804267056448977
1733813006,Ethereum,ETH,3736.2132915165491475
1733813006,Dogecoin,DOGE,0.4119655416172516
1733813006,TRON,TRX,0.2629449566398737
1733813006,Polkadot,DOT,8.6278394165266368
1733813006,Stellar,XLM,0.4119659235210325
1733813006,EOS,EOS,1.0576208648160017
1733813037,Bitcoin,BTC,97267.8718694341027905
1733813037,Ethereum,ETH,3735.1072268136556838
1733813037,Dogecoin,DOGE,0.4115338657735323
1733813037,TRON,TRX,0.2630455473987579
1733813037,Polkadot,DOT,8.6214095425849964
1733813037,Stellar,XLM,0.4115524349105759
1733813037,EOS,EOS,1.0567773347430803
1733813098,Bitcoin,BTC,97252.3566784874564573
1733813098,Ethereum,ETH,3733.5912946498551201
1733813098,Dogecoin,DOGE,0.4112093785765504
1733813098,TRON,TRX,0.2629740239176414
1733813098,Polkadot,DOT,8.6128285665309235
1733813098,Stellar,XLM,0.4111353646818199
1733813098,EOS,EOS,1.0570393942972401
1733813128,Bitcoin,BTC,97241.1032747480689208
1733813128,Ethereum,ETH,3733.5866736766472418
1733813128,Dogecoin,DOGE,0.4112312301312481
1733813128,TRON,TRX,0.2629948721291751
1733813128,Polkadot,DOT,8.6134736551619882
1733813128,Stellar,XLM,0.4110861481531256
1733813128,EOS,EOS,1.0570823378313526
1733813159,Bitcoin,BTC,97251.5438896288932326
1733813159,Ethereum,ETH,3733.8008341392338817
1733813159,Dogecoin,DOGE,0.4116476706145864
1733813159,TRON,TRX,0.2630250213077546
1733813159,Polkadot,DOT,8.6205364862700856
1733813159,Stellar,XLM,0.4114448681004675
1733813159,EOS,EOS,1.0576985345663968
1733813312,Bitcoin,BTC,97284.9602431255768809
1733813312,Ethereum,ETH,3733.3763225899510730
1733813312,Dogecoin,DOGE,0.4110827115219459
1733813312,TRON,TRX,0.2628084368741903
1733813312,Polkadot,DOT,8.6139573306244719
1733813312,Stellar,XLM,0.4107936971100469
1733813312,EOS,EOS,1.0572087512116181
1733813374,Bitcoin,BTC,97300.4080045709511769
1733813374,Ethereum,ETH,3734.4312124007144423
1733813374,Dogecoin,DOGE,0.4112250029448418
1733813374,TRON,TRX,0.2628953110758905
1733813374,Polkadot,DOT,8.6041731986595044
1733813374,Stellar,XLM,0.4109876743163226
1733813374,EOS,EOS,1.0567415537475120
1733808613,Bitcoin,BTC,96721.5711193139674595
1733808613,Stellar,XLM,0.4043651565840001
1733808706,Bitcoin,BTC,96725.3586955121511601
1733808706,Ethereum,ETH,3692.8182298570725933
1733808706,Dogecoin,DOGE,0.4039045961300321
1733808706,TRON,TRX,0.2581477424088437
1733808706,Polkadot,DOT,8.4669115151535826
1733808706,Stellar,XLM,0.4043510005863095
1733808706,EOS,EOS,1.0318329466762763
1733808921,Bitcoin,BTC,96801.3075607267684060
1733808921,Ethereum,ETH,3697.2538083019964425
1733808921,Dogecoin,DOGE,0.4047604413353292
1733808921,TRON,TRX,0.2591681944459546
1733808921,Polkadot,DOT,8.4925915301933933
1733808921,Stellar,XLM,0.4061883338987178
1733808921,EOS,EOS,1.0359872421851036
1733808983,Bitcoin,BTC,96825.4852808568614669
1733808983,Ethereum,ETH,3698.7838065552865825
1733808983,Dogecoin,DOGE,0.4055497344413345
1733808983,TRON,TRX,0.2595147913206928
1733808983,Polkadot,DOT,8.5020657454754454
1733808983,Stellar,XLM,0.4067954471616826
1733808983,EOS,EOS,1.0388479066652505
1733809229,Bitcoin,BTC,96887.0433798865964402
1733809229,Ethereum,ETH,3699.9809079535359489
1733809229,Dogecoin,DOGE,0.4057373590402066
1733809229,TRON,TRX,0.2595865896798894
1733809229,Polkadot,DOT,8.5221343065629918
1733809229,Stellar,XLM,0.4068416243812983
1733809229,EOS,EOS,1.0389490766780906
1733809385,Bitcoin,BTC,96864.9598771441057072
1733809385,Ethereum,ETH,3693.9258607017709881
1733809385,Dogecoin,DOGE,0.4043391332298382
1733809385,TRON,TRX,0.2589787688434292
1733809385,Polkadot,DOT,8.4924993804525023
1733809385,Stellar,XLM,0.4060086620586338
1733809385,EOS,EOS,1.0358322356616127
1733809416,Bitcoin,BTC,96863.8167756574566604
1733809416,Ethereum,ETH,3693.6601075198796984
1733809416,Dogecoin,DOGE,0.4037322714967686
1733809416,TRON,TRX,0.2587097650302886
1733809416,Polkadot,DOT,8.4860213833290691
1733809416,Stellar,XLM,0.4053485993166068
1733809416,EOS,EOS,1.0347319152693398
1733809446,Bitcoin,BTC,96862.7954701683186286
1733809446,Ethereum,ETH,3693.2198709732564996
1733809446,Dogecoin,DOGE,0.4037564371287332
1733809446,TRON,TRX,0.2587096677625494
1733809446,Polkadot,DOT,8.4870670703764802
1733809446,Stellar,XLM,0.4054229519399861
1733809446,EOS,EOS,1.0347929637946744
1733809600,Bitcoin,BTC,96844.3461196174693031
1733809600,Ethereum,ETH,3690.9537251373240275
1733809600,Dogecoin,DOGE,0.4034477913126355
1733809600,TRON,TRX,0.2583744228973345
1733809600,Polkadot,DOT,8.4776573281517829
1733809600,Stellar,XLM,0.4053230340454000
1733809600,EOS,EOS,1.0343120116641328
1733809630,Bitcoin,BTC,96844.7413505838371027
1733809630,Ethereum,ETH,3690.5781872237703390
1733809630,Dogecoin,DOGE,0.4039542879011615
1733809630,TRON,TRX,0.2586843839722723
1733809630,Polkadot,DOT,8.4818848159673045
1733809630,Stellar,XLM,0.4053967865328149
1733809630,EOS,EOS,1.0353328760729688
1733809692,Bitcoin,BTC,96842.1171877379548638
1733809692,Ethereum,ETH,3690.8475205706687902
1733809692,Dogecoin,DOGE,0.4041289402876333
1733809692,TRON,TRX,0.2588994617047602
1733809692,Polkadot,DOT,8.4871332583443562
1733809692,Stellar,XLM,0.4056236173752337
1733809692,EOS,EOS,1.0358745047122514
1733809845,Bitcoin,BTC,96904.9992591649431049
1733809845,Ethereum,ETH,3695.4330183493894305
1733809845,Dogecoin,DOGE,0.4049120882867453
1733809845,TRON,TRX,0.2592615218398484
1733809845,Polkadot,DOT,8.5075066450535922
1733809845,Stellar,XLM,0.4058098103330128
1733809845,EOS,EOS,1.0364901598111084
1733809876,Bitcoin,BTC,96908.4436804912092696
1733809876,Ethereum,ETH,3697.2041125719818887
1733809876,Dogecoin,DOGE,0.4056447368985192
1733809876,TRON,TRX,0.2596699951471185
1733809876,Polkadot,DOT,8.5179214287395841
1733809876,Stellar,XLM,0.4060672475883718
1733809876,EOS,EOS,1.0379307990890557
1733809937,Bitcoin,BTC,96914.7522462395617138
1733809937,Ethereum,ETH,3697.5246523315755585
1733809937,Dogecoin,DOGE,0.4056362385168295
1733809937,TRON,TRX,0.2596376739161297
1733809937,Polkadot,DOT,8.5272696308842454
1733809937,Stellar,XLM,0.4063097944536030
1733809937,EOS,EOS,1.0392841757832738
1733809968,Bitcoin,BTC,96911.8407905131582521
1733809968,Ethereum,ETH,3698.3989648842549919
1733809968,Dogecoin,DOGE,0.4056843614455411
1733809968,TRON,TRX,0.2596529836331404
1733809968,Polkadot,DOT,8.5290024325451937
1733809968,Stellar,XLM,0.4063595163068910
1733809968,EOS,EOS,1.0396038523220885
1733810059,Bitcoin,BTC,96931.6620640684640285
1733810059,Ethereum,ETH,3699.0736400699645563
1733810059,Dogecoin,DOGE,0.4062682207315166
1733810059,TRON,TRX,0.2597999604007490
1733810059,Polkadot,DOT,8.5334513031425136
1733810059,Stellar,XLM,0.4067548285015150
1733810059,EOS,EOS,1.0410201739200905
1733810152,Bitcoin,BTC,96977.7798033506016619
1733810152,Ethereum,ETH,3701.4990856953538088
1733810152,Dogecoin,DOGE,0.4063994347112288
1733810152,TRON,TRX,0.2597785109963200
1733810152,Polkadot,DOT,8.5519661030353984
1733810152,Stellar,XLM,0.4067715236608878
1733810152,EOS,EOS,1.0411638567039330
1733810182,Bitcoin,BTC,97026.8497338782912569
1733810182,Ethereum,ETH,3704.5408256592211326
1733810182,Dogecoin,DOGE,0.4061878994105617
1733810182,TRON,TRX,0.2598805525227119
1733810182,Polkadot,DOT,8.5589926632724319
1733810182,Stellar,XLM,0.4072022150474391
1733810182,EOS,EOS,1.0421446548860694
1733810244,Bitcoin,BTC,97025.8940381697815164
1733810244,Ethereum,ETH,3703.4097842818324889
1733810244,Dogecoin,DOGE,0.4061350184347042
1733810244,TRON,TRX,0.2597279718892714
1733810244,Polkadot,DOT,8.5526529382631938
1733810244,Stellar,XLM,0.4068602763642233
1733810244,EOS,EOS,1.0417488746010651
1733810367,Bitcoin,BTC,97021.2312602831509810
1733810367,Ethereum,ETH,3704.6892310120463513
1733810367,Dogecoin,DOGE,0.4066876901842582
1733810367,TRON,TRX,0.2598908728105689
1733810367,Polkadot,DOT,8.5620120744504915
1733810367,Stellar,XLM,0.4072796712386378
1733810367,EOS,EOS,1.0419689693562484
1733810612,Bitcoin,BTC,97012.5512028697015448
1733810612,Ethereum,ETH,3703.7398063483253094
1733810612,Dogecoin,DOGE,0.4060875039363977
1733810612,TRON,TRX,0.2597282239015330
1733810612,Polkadot,DOT,8.5494265692503332
1733810612,Stellar,XLM,0.4065731014201701
1733810612,EOS,EOS,1.0415518895712399
1733810704,Bitcoin,BTC,96975.7797088200214365
1733810704,Ethereum,ETH,3700.9038775918479217
1733810704,Dogecoin,DOGE,0.4054332647106133
1733810704,TRON,TRX,0.2593941464852117
1733810704,Polkadot,DOT,8.5282817929984615
1733810704,Stellar,XLM,0.4058971417850229
1733810704,EOS,EOS,1.0393697839461270
1733810888,Bitcoin,BTC,97018.3028933101305550
1733810888,Ethereum,ETH,3706.2687361542627966
1733810888,Dogecoin,DOGE,0.4068147856548132
1733810888,TRON,TRX,0.2601808887252301
1733810888,Polkadot,DOT,8.5486611989248123
1733810888,Stellar,XLM,0.4067794181680876
1733810888,EOS,EOS,1.0427312014953021
1733810949,Bitcoin,BTC,97014.1521424261135458
1733810949,Ethereum,ETH,3706.3606965291003225
1733810949,Dogecoin,DOGE,0.4066508396348465
1733810949,TRON,TRX,0.2600441005567418
1733810949,Polkadot,DOT,8.5430150802494574
1733810949,Stellar,XLM,0.4064224165313801
1733810949,EOS,EOS,1.0419693559524743
1733811042,Bitcoin,BTC,97060.1795741818101758
1733811042,Ethereum,ETH,3710.4195648472085830
1733811042,Dogecoin,DOGE,0.4080926130654508
1733811042,TRON,TRX,0.2607827776487758
1733811042,Polkadot,DOT,8.5632024446179942
1733811042,Stellar,XLM,0.4075721704209436
1733811042,EOS,EOS,1.0444724507641304
1733811134,Bitcoin,BTC,97153.6714165834287331
1733811134,Ethereum,ETH,3716.5559400858254062
1733811134,Dogecoin,DOGE,0.4087517331219060
1733811134,TRON,TRX,0.2614872213425839
1733811134,Polkadot,DOT,8.5839997081483601
1733811134,Stellar,XLM,0.4090023811657833
1733811134,EOS,EOS,1.0477828174451994
1733811165,Bitcoin,BTC,97158.0305275139020562
1733811165,Ethereum,ETH,3716.5710981898112022
1733811165,Dogecoin,DOGE,0.4091442980784665
1733811165,TRON,TRX,0.2615404607340610
1733811165,Polkadot,DOT,8.5877378912428707
1733811165,Stellar,XLM,0.4092447892098939
1733811165,EOS,EOS,1.0485764903173744
1733811257,Bitcoin,BTC,97137.1115577057696881
1733811257,Ethereum,ETH,3717.1368220674116958
1733811257,Dogecoin,DOGE,0.4091327984419232
1733811257,TRON,TRX,0.2616552396119014
1733811257,Polkadot,DOT,8.5837893839934055
1733811257,Stellar,XLM,0.4092235563367847
1733811257,EOS,EOS,1.0487389696823609
1733811440,Bitcoin,BTC,97127.1614761992119938
1733811440,Ethereum,ETH,3719.3156180629842869
1733811440,Dogecoin,DOGE,0.4089991793452274
1733811440,TRON,TRX,0.2618201444147808
1733811440,Polkadot,DOT,8.5861251741644619
1733811440,Stellar,XLM,0.4095017884556395
1733811440,EOS,EOS,1.0493196226663353
1733811563,Bitcoin,BTC,97110.3862070438784428
1733811563,Ethereum,ETH,3717.3645572151463327
1733811563,Dogecoin,DOGE,0.4086212509153767
1733811563,TRON,TRX,0.2616543703866996
1733811563,Polkadot,DOT,8.5753677562420357
1733811563,Stellar,XLM,0.4087481265586737
1733811563,EOS,EOS,1.0476568946690806
1733811655,Bitcoin,BTC,97097.6688927685717602
1733811655,Ethereum,ETH,3717.0154142921499442
1733811655,Dogecoin,DOGE,0.4082513821118122
1733811655,TRON,TRX,0.2614769602034894
1733811655,Polkadot,DOT,8.5697104891033870
1733811655,Stellar,XLM,0.4084653113984275
1733811655,EOS,EOS,1.0456411445949833
1733811808,Bitcoin,BTC,97115.5293307400103598
1733811808,Ethereum,ETH,3720.4182126740310274
1733811808,Dogecoin,DOGE,0.4087440024390067
1733811808,TRON,TRX,0.2616978067672320
1733811808,Polkadot,DOT,8.5806840306648189
1733811808,Stellar,XLM,0.4088509156851700
1733811808,EOS,EOS,1.0474308201308555
1733812023,Bitcoin,BTC,97122.4932623346100536
1733812023,Ethereum,ETH,3725.6135726767005472
1733812023,Dogecoin,DOGE,0.4095867910205238
1733812023,TRON,TRX,0.2621242418692822
1733812023,Polkadot,DOT,8.5895494588092937
1733812023,Stellar,XLM,0.4094729649415790
1733812023,EOS,EOS,1.0497219822481921
1733812115,Bitcoin,BTC,97146.6071486305481328
1733812115,Ethereum,ETH,3727.0640318364514645
1733812115,Dogecoin,DOGE,0.4093688386347265
1733812115,TRON,TRX,0.2620951680932621
1733812115,Polkadot,DOT,8.5943794380510313
1733812115,Stellar,XLM,0.4097443370689385
1733812115,EOS,EOS,1.0498648329292560
1733812146,Bitcoin,BTC,97180.7774554989634572
1733812146,Ethereum,ETH,3728.3811375911722827
1733812146,Dogecoin,DOGE,0.4096329778960023
1733812146,TRON,TRX,0.2622063298484162
1733812146,Polkadot,DOT,8.5991370945705135
1733812146,Stellar,XLM,0.4098172704938468
1733812146,EOS,EOS,1.0502666404716322
1733812176,Bitcoin,BTC,97179.8939307794996193
1733812176,Ethereum,ETH,3728.7384514317680835
1733812176,Dogecoin,DOGE,0.4096019836258185
1733812176,TRON,TRX,0.2621819395660430
1733812176,Polkadot,DOT,8.5984183078424211
1733812176,Stellar,XLM,0.4101958174011555
1733812176,EOS,EOS,1.0501094244710028
1733812299,Bitcoin,BTC,97221.0641548982323519
1733812299,Ethereum,ETH,3730.3553795699649519
1733812299,Dogecoin,DOGE,0.4103495843665493
1733812299,TRON,TRX,0.2625794205925481
1733812299,Polkadot,DOT,8.6159887520512425
1733812299,Stellar,XLM,0.4105478719808836
1733812299,EOS,EOS,1.0534567555711836
1733812330,Bitcoin,BTC,97244.5152378494774834
1733812330,Ethereum,ETH,3732.2121934875767882
1733812330,Dogecoin,DOGE,0.4102889713060253
1733812330,TRON,TRX,0.2625719688996870
1733812330,Polkadot,DOT,8.6206446552624995
1733812330,Stellar,XLM,0.4105842191717439
1733812330,EOS,EOS,1.0539146133879253
1733812452,Bitcoin,BTC,97258.0139332994241198
1733812452,Ethereum,ETH,3731.2778373270858102
1733812452,Dogecoin,DOGE,0.4106629740195583
1733812452,TRON,TRX,0.2628052703840280
1733812452,Polkadot,DOT,8.6275787452370466
1733812452,Stellar,XLM,0.4111066663920492
1733812452,EOS,EOS,1.0545132724935601
1733812483,Bitcoin,BTC,97262.7903201383992124
1733812483,Ethereum,ETH,3731.6672798241680770
1733812483,Dogecoin,DOGE,0.4107618353125068
1733812483,TRON,TRX,0.2628492945679624
1733812483,Polkadot,DOT,8.6240974557040207
1733812483,Stellar,XLM,0.4111646971698463
1733812483,EOS,EOS,1.0549255554550636
1733812607,Bitcoin,BTC,97306.6261871290557207
1733812607,Ethereum,ETH,3735.3963223267697230
1733812607,Dogecoin,DOGE,0.4118800796873441
1733812607,TRON,TRX,0.2630824312443462
1733812607,Polkadot,DOT,8.6425672498442082
1733812607,Stellar,XLM,0.4121874857754589
1733812607,EOS,EOS,1.0587701498806603
1733812637,Bitcoin,BTC,97296.4636536481685185
1733812637,Ethereum,ETH,3735.1814546293027161
1733812637,Dogecoin,DOGE,0.4125422846090015
1733812637,TRON,TRX,0.2629749769109976
1733812637,Polkadot,DOT,8.6415579365699755
1733812637,Stellar,XLM,0.4119198877857053
1733812637,EOS,EOS,1.0585082492908089
1733812699,Bitcoin,BTC,97289.5691740830948102
1733812699,Ethereum,ETH,3735.7111502390272280
1733812699,Dogecoin,DOGE,0.4120868400921189
1733812699,TRON,TRX,0.2627062493797369
1733812699,Polkadot,DOT,8.6350317619164763
1733812699,Stellar,XLM,0.4118125029025642
1733812699,EOS,EOS,1.0574650141395326
1733812730,Bitcoin,BTC,97305.2009159181325909
1733812730,Ethereum,ETH,3736.3668379763553099
1733812730,Dogecoin,DOGE,0.4121167064441573
1733812730,TRON,TRX,0.2628084105635349
1733812730,Polkadot,DOT,8.6364997086513034
1733812730,Stellar,XLM,0.4118062945130110
1733812730,EOS,EOS,1.0575092800677428
1733812822,Bitcoin,BTC,97275.2843146142137024
1733812822,Ethereum,ETH,3735.8571212312726451
1733812822,Dogecoin,DOGE,0.4125120621632092
1733812822,TRON,TRX,0.2630686292163231
1733812822,Polkadot,DOT,8.6419032728999004
1733812822,Stellar,XLM,0.4123891584988659
1733812822,EOS,EOS,1.0587806207648848
1733813190,Bitcoin,BTC,97260.3065527030895192
1733813190,Ethereum,ETH,3734.0785839015115582
1733813190,Dogecoin,DOGE,0.4116532525897052
1733813190,TRON,TRX,0.2630172481796132
1733813190,Polkadot,DOT,8.6201801913683169
1733813190,Stellar,XLM,0.4114127972339788
1733813190,EOS,EOS,1.0576842690213525
1733813220,Bitcoin,BTC,97279.1284753538531927
1733813220,Ethereum,ETH,3733.2058912856133322
1733813220,Dogecoin,DOGE,0.4115283612244214
1733813220,TRON,TRX,0.2629527671750718
1733813220,Polkadot,DOT,8.6187096310195692
1733813220,Stellar,XLM,0.4112837991479794
1733813220,EOS,EOS,1.0572593900872522
1733813251,Bitcoin,BTC,97273.1059901501795631
1733813251,Ethereum,ETH,3733.2608977285351961
1733813251,Dogecoin,DOGE,0.4114108760205710
1733813251,TRON,TRX,0.2629628648932253
1733813251,Polkadot,DOT,8.6200450054082681
1733813251,Stellar,XLM,0.4113335296919344
1733813251,EOS,EOS,1.0574941559114672
1733813343,Bitcoin,BTC,97284.6696966418540452
1733813343,Ethereum,ETH,3733.2889905313119726
1733813343,Dogecoin,DOGE,0.4108560788462952
1733813343,TRON,TRX,0.2627978641083844
1733813343,Polkadot,DOT,8.6107679927335155
1733813343,Stellar,XLM,0.4107907508330949
1733813343,EOS,EOS,1.0558817610299148
1733813436,Bitcoin,BTC,97303.0400394152341096
1733813436,Ethereum,ETH,3736.2704027917211396
1733813436,Dogecoin,DOGE,0.4114777183293736
1733813436,TRON,TRX,0.2629654373433949
1733813436,Polkadot,DOT,8.6112711783314479
1733813436,Stellar,XLM,0.4111632559856904
1733813436,EOS,EOS,1.0574735218709347
